<?xml version="1.0" encoding="UTF-8"?>
<configuration>
    <!-- Console appender -->
    <appender name="CONSOLE" class="ch.qos.logback.core.ConsoleAppender">
        <encoder>
            <pattern>%d{yyyy-MM-dd HH:mm:ss} - %msg%n</pattern>
        </encoder>
    </appender>

    <!-- Security audit file appender -->
    <appender name="SECURITY_AUDIT" class="ch.qos.logback.core.rolling.RollingFileAppender">
        <file>logs/security-audit.log</file>
        <rollingPolicy class="ch.qos.logback.core.rolling.TimeBasedRollingPolicy">
            <fileNamePattern>logs/security-audit.%d{yyyy-MM-dd}.log</fileNamePattern>
            <maxHistory>90</maxHistory>
        </rollingPolicy>
        <encoder>
            <pattern>%msg%n</pattern>
        </encoder>
        <filter class="ch.qos.logback.core.filter.EvaluatorFilter">
            <evaluator>
                <expression>message.contains("SECURITY_AUDIT")</expression>
            </evaluator>
            <OnMismatch>DENY</OnMismatch>
            <OnMatch>ACCEPT</OnMatch>
        </filter>
    </appender>

    <!-- Logger for SecurityAuditService -->
    <logger name="com.devtiro.realestate.security.SecurityAuditService" level="INFO" additivity="false">
        <appender-ref ref="SECURITY_AUDIT" />
        <appender-ref ref="CONSOLE" />
    </logger>

    <root level="INFO">
        <appender-ref ref="CONSOLE" />
    </root>
</configuration>